{"cameraMode":{"drawMode":0,"name":"Shaded","section":"Shading Mode"},"sceneLighting":false,"audioPlay":false,"sceneViewState":{"showFog":true,"showMaterialUpdate":true,"showSkybox":true,"showFlares":true,"showImageEffects":true,"showParticleSystems":true},"in2DMode":false,"pivot":{"x":-43.50801086425781,"y":13.470621109008789,"z":-97.61613464355469},"rotation":{"x":-0.019439365714788438,"y":-0.8544735312461853,"z":-0.03205778822302818,"w":0.518140435218811},"size":73.3093490600586,"orthographic":false}